[
  {
    "id": "d8e6263a-4ea9-4723-8cab-c60540bf17ea",
    "data": [
      {
        "text": "I am in ",
        "userDefined": false
      },
      {
        "text": "Cairo",
        "alias": "city",
        "meta": "@sys.geo-city",
        "userDefined": false
      }
    ],
    "isTemplate": false,
    "count": 0,
    "updated": 0
  },
  {
    "id": "09439227-f9cb-4ae4-9b35-5cbdc410fe0c",
    "data": [
      {
        "text": "Berlin",
        "alias": "city",
        "meta": "@sys.geo-city",
        "userDefined": false
      }
    ],
    "isTemplate": false,
    "count": 1,
    "updated": 0
  }
]